Date/Time,Electricity:Facility [J](Hourly),Electricity:HVAC [J](Hourly),Electricity:Facility [J](Monthly),Electricity:Building [J](Monthly),InteriorLights:Electricity [J](Monthly),Electricity:HVAC [J](Monthly),Electricity:Plant [J](Monthly),NaturalGas:Facility [J](Monthly),NaturalGas:Plant [J](Monthly),Electricity:Facility [J](RunPeriod),Electricity:Building [J](RunPeriod),InteriorLights:Electricity [J](RunPeriod),Electricity:HVAC [J](RunPeriod),Electricity:Plant [J](RunPeriod),NaturalGas:Facility [J](RunPeriod),NaturalGas:Plant [J](RunPeriod),MYGENERALLIGHTS [J](Monthly),MYGENERALLIGHTS [J](RunPeriod),MYBUILDINGELECTRIC [J](Monthly),MYBUILDINGELECTRIC [J](RunPeriod),MYBUILDINGOTHER [J](Monthly),MYBUILDINGOTHER [J](RunPeriod) 
 01/01  01:00:00,3075615.256267583,1354960.257918031 
 01/01  02:00:00,3082050.6854387373,1354960.257918031 
 01/01  03:00:00,3084924.4432354853,1354960.257918031 
 01/01  04:00:00,3087945.854236033,1354960.257918031 
 01/01  05:00:00,3090145.702573479,1354960.257918031 
 01/01  06:00:00,3091514.678384556,1354960.257918031 
 01/01  07:00:00,3239142.557934094,1354960.257918031 
 01/01  08:00:00,3224542.132227914,1354960.257918031 
 01/01  09:00:00,33015119.85795011,1354960.257918031 
 01/01  10:00:00,43311489.2489004,1354960.257918031 
 01/01  11:00:00,44644085.34287634,1354960.257918031 
 01/01  12:00:00,43282500.84698376,1354960.257918031 
 01/01  13:00:00,39224495.50037821,1354960.257918031 
 01/01  14:00:00,41919094.13514088,1354960.257918031 
 01/01  15:00:00,42816355.33724222,1354960.257918031 
 01/01  16:00:00,41015490.59891213,1354960.257918031 
 01/01  17:00:00,37415175.67183185,1354960.257918031 
 01/01  18:00:00,37416566.053154685,1354960.257918031 
 01/01  19:00:00,23020643.42011325,1354960.257918031 
 01/01  20:00:00,12222933.78822979,1354960.257918031 
 01/01  21:00:00,7114960.257918031,1354960.257918031 
 01/01  22:00:00,3064960.257918031,1354960.257918031 
 01/01  23:00:00,3066471.108801027,1354960.257918031 
 01/01  24:00:00,3069805.6743050404,1354960.257918031 
 01/02  01:00:00,3072509.8949193098,1354960.257918031 
 01/02  02:00:00,3074658.2017775634,1354960.257918031 
 01/02  03:00:00,3075850.688734393,1354960.257918031 
 01/02  04:00:00,3076160.6933252728,1354960.257918031 
 01/02  05:00:00,3076332.2615552843,1354960.257918031 
 01/02  06:00:00,3076171.3140152013,1354960.257918031 
 01/02  07:00:00,3153849.283325154,1354960.257918031 
 01/02  08:00:00,3147961.244891434,1354960.257918031 
 01/02  09:00:00,32947887.433194805,1354960.257918031 
 01/02  10:00:00,43269834.37937018,1354960.257918031 
 01/02  11:00:00,44614945.797766015,1354960.257918031 
 01/02  12:00:00,43261640.65689337,1354960.257918031 
 01/02  13:00:00,39209992.677170515,1354960.257918031 
 01/02  14:00:00,41911531.0854864,1354960.257918031 
 01/02  15:00:00,42813106.64855662,1354960.257918031 
 01/02  16:00:00,41010678.34079148,1354960.257918031 
 01/02  17:00:00,37409278.080025546,1354960.257918031 
 01/02  18:00:00,37411967.6040722,1354960.257918031 
 01/02  19:00:00,23013702.20153311,1354960.257918031 
 01/02  20:00:00,12215123.446921324,1354960.257918031 
 01/02  21:00:00,7114960.257918031,1354960.257918031 
 01/02  22:00:00,3064960.257918031,1354960.257918031 
 01/02  23:00:00,3064960.257918031,1354960.257918031 
 01/02  24:00:00,3065672.0780502814,1354960.257918031 
 01/03  01:00:00,3068091.360254652,1354960.257918031 
 01/03  02:00:00,3070430.789726549,1354960.257918031 
 01/03  03:00:00,3072886.906060338,1354960.257918031 
 01/03  04:00:00,3074087.741128961,1354960.257918031 
 01/03  05:00:00,3075071.788361668,1354960.257918031 
 01/03  06:00:00,3076934.0270496607,1354960.257918031 
 01/03  07:00:00,3165046.123493593,1354960.257918031 
 01/03  08:00:00,3160943.7160354233,1354960.257918031 
 01/03  09:00:00,32966729.887278065,1354960.257918031 
 01/03  10:00:00,43288317.0031424,1354960.257918031 
 01/03  11:00:00,44634461.659380436,1354960.257918031 
 01/03  12:00:00,43279916.963194095,1354960.257918031 
 01/03  13:00:00,39226256.63045178,1354960.257918031 
 01/03  14:00:00,41924400.09569603,1354960.257918031 
 01/03  15:00:00,42823156.56576985,1354960.257918031 
 01/03  16:00:00,41022247.16676442,1354960.257918031 
 01/03  17:00:00,37421889.842868455,1354960.257918031 
 01/03  18:00:00,37422128.9094098,1354960.257918031 
 01/03  19:00:00,23026333.414281696,1354960.257918031 
 01/03  20:00:00,12229546.328374278,1354960.257918031 
 01/03  21:00:00,7114960.257918031,1354960.257918031 
 01/03  22:00:00,3065768.4509430565,1354960.257918031 
 01/03  23:00:00,3070591.918020798,1354960.257918031 
 01/03  24:00:00,3073565.6899630483,1354960.257918031 
 01/04  01:00:00,3075236.7064559273,1354960.257918031 
 01/04  02:00:00,3077162.789319816,1354960.257918031 
 01/04  03:00:00,3078865.774476868,1354960.257918031 
 01/04  04:00:00,3079826.012366307,1354960.257918031 
 01/04  05:00:00,3080064.2765211486,1354960.257918031 
 01/04  06:00:00,3079951.380495957,1354960.257918031 
 01/04  07:00:00,3167299.0947150993,1354960.257918031 
 01/04  08:00:00,3160541.7622286156,1354960.257918031 
 01/04  09:00:00,32960694.543554973,1354960.257918031 
 01/04  10:00:00,43278313.86792144,1354960.257918031 
 01/04  11:00:00,44625095.43606127,1354960.257918031 
 01/04  12:00:00,43271536.55392119,1354960.257918031 
 01/04  13:00:00,39218157.77781005,1354960.257918031 
 01/04  14:00:00,41916287.57027261,1354960.257918031 
 01/04  15:00:00,42815942.93465184,1354960.257918031 
 01/04  16:00:00,41015633.203141466,1354960.257918031 
 01/04  17:00:00,37419172.75111699,1354960.257918031 
 01/04  18:00:00,37424991.63846286,1354960.257918031 
 01/04  19:00:00,23042175.726338353,1354960.257918031 
 01/04  20:00:00,12243206.863612482,1354960.257918031 
 01/04  21:00:00,7116784.411509738,1354960.257918031 
 01/04  22:00:00,3075070.109984022,1354960.257918031 
 01/04  23:00:00,3080193.3351509287,1354960.257918031 
 01/04  24:00:00,3082887.2486952594,1354960.257918031 
 01/05  01:00:00,6322304.697848828,1354960.257918031 
 01/05  02:00:00,6323009.282156203,1354960.257918031 
 01/05  03:00:00,6322266.851814268,1354960.257918031 
 01/05  04:00:00,6323990.193781933,1354960.257918031 
 01/05  05:00:00,6330462.016601448,1354960.257918031 
 01/05  06:00:00,6337169.64661802,1354960.257918031 
 01/05  07:00:00,6342491.322927554,1354960.257918031 
 01/05  08:00:00,6342925.5481388755,1354960.257918031 
 01/05  09:00:00,6335854.324809053,1354960.257918031 
 01/05  10:00:00,6325632.129286423,1354960.257918031 
 01/05  11:00:00,6316805.612186203,1354960.257918031 
 01/05  12:00:00,6311740.617363454,1354960.257918031 
 01/05  13:00:00,6309058.819664026,1354960.257918031 
 01/05  14:00:00,6307410.3486742275,1354960.257918031 
 01/05  15:00:00,6306545.776140928,1354960.257918031 
 01/05  16:00:00,6307196.0739380205,1354960.257918031 
 01/05  17:00:00,6309307.130635125,1354960.257918031 
 01/05  18:00:00,6312101.162120572,1354960.257918031 
 01/05  19:00:00,6316865.386342075,1354960.257918031 
 01/05  20:00:00,6320794.400709922,1354960.257918031 
 01/05  21:00:00,6324237.130039695,1354960.257918031 
 01/05  22:00:00,6326177.301892988,1354960.257918031 
 01/05  23:00:00,6327401.865488159,1354960.257918031 
 01/05  24:00:00,6329453.177280706,1354960.257918031 
 01/06  01:00:00,6333182.363382487,1354960.257918031 
 01/06  02:00:00,6334911.303710166,1354960.257918031 
 01/06  03:00:00,6336285.287215115,1354960.257918031 
 01/06  04:00:00,6339076.433155249,1354960.257918031 
 01/06  05:00:00,6341699.391709158,1354960.257918031 
 01/06  06:00:00,6344243.663111311,1354960.257918031 
 01/06  07:00:00,6348338.767737931,1354960.257918031 
 01/06  08:00:00,6345137.275071167,1354960.257918031 
 01/06  09:00:00,6337331.111622629,1354960.257918031 
 01/06  10:00:00,6327574.5265019005,1354960.257918031 
 01/06  11:00:00,6318419.094282433,1354960.257918031 
 01/06  12:00:00,6313296.410392454,1354960.257918031 
 01/06  13:00:00,6310073.167657204,1354960.257918031 
 01/06  14:00:00,6311551.261467739,1354960.257918031 
 01/06  15:00:00,6311111.336002929,1354960.257918031 
 01/06  16:00:00,6312458.254003536,1354960.257918031 
 01/06  17:00:00,6321784.552206376,1354960.257918031 
 01/06  18:00:00,6330809.779470116,1354960.257918031 
 01/06  19:00:00,6340592.193873116,1354960.257918031 
 01/06  20:00:00,6348437.217249152,1354960.257918031 
 01/06  21:00:00,6350490.991454,1354960.257918031 
 01/06  22:00:00,6357221.87551596,1354960.257918031 
 01/06  23:00:00,6363151.921850398,1354960.257918031 
 01/06  24:00:00,6368505.022220877,1354960.257918031 
 01/07  01:00:00,3138626.0131655643,1354960.257918031 
 01/07  02:00:00,3140382.6117379917,1354960.257918031 
 01/07  03:00:00,3141597.658657948,1354960.257918031 
 01/07  04:00:00,3147666.1599635975,1354960.257918031 
 01/07  05:00:00,3149686.1333788624,1354960.257918031 
 01/07  06:00:00,3151645.73208182,1354960.257918031 
 01/07  07:00:00,3360586.0512100775,1354960.257918031 
 01/07  08:00:00,3352400.9482350415,1354960.257918031 
 01/07  09:00:00,33152936.033020545,1354960.257918031 
 01/07  10:00:00,43433615.83377786,1354960.257918031 
 01/07  11:00:00,44762571.90244022,1354960.257918031 
 01/07  12:00:00,43395681.22100501,1354960.257918031 
 01/07  13:00:00,39330917.96808541,1354960.257918031 
 01/07  14:00:00,42013851.75378776,1354960.257918031 
 01/07  15:00:00,42913052.555434495,1354960.257918031 
 01/07  16:00:00,41121540.29885553,1354960.257918031 
 01/07  17:00:00,37552433.394041926,1354960.257918031 
 01/07  18:00:00,37573129.94626616,1354960.257918031 
 01/07  19:00:00,23196403.273162264,1354960.257918031 
 01/07  20:00:00,12387056.432256894,1354960.257918031 
 01/07  21:00:00,7133652.395395638,1354960.257918031 
 01/07  22:00:00,3098190.988570816,1354960.257918031 
 01/07  23:00:00,3105881.3617867217,1354960.257918031 
 01/07  24:00:00,3113353.8225355204,1354960.257918031,2708132362.7076125,2470950000.0,1556550000.0,227633323.33022848,9549039.37738215,3519896035.3697653,3519896035.3697653,2708132362.7076125,2470950000.0,1556550000.0,227633323.33022848,9549039.37738215,3519896035.3697653,3519896035.3697653,1556550000.0,1556550000.0,2470950000.0,2470950000.0,914400000.0,914400000.0 
